{
  "project_info": {
    "project_number": "23533104387",
    "project_id": "lab5-107bd",
    "storage_bucket": "lab5-107bd.appspot.com"
  },
  "client": [
    {
      "client_info": {
        "mobilesdk_app_id": "1:23533104387:android:783071b73050b08a808d36",
        "android_client_info": {
          "package_name": "com.example.lab5"
        }
      },
      "oauth_client": [
        {
          "client_id": "23533104387-9qo9bqmui2jnuq5ubfi31f9lf84kq0aa.apps.googleusercontent.com",
          "client_type": 3
        }
      ],
      "api_key": [
        {
          "current_key": "AIzaSyAL_Z1rWZgCrQD73I05l9VzEQFTagmb8Ho"
        }
      ],
      "services": {
        "appinvite_service": {
          "other_platform_oauth_client": [
            {
              "client_id": "23533104387-9qo9bqmui2jnuq5ubfi31f9lf84kq0aa.apps.googleusercontent.com",
              "client_type": 3
            }
          ]
        }
      }
    }
  ],
  "configuration_version": "1"
}